parl25,constituency-name,highly_rural,rural,urban,label
UKPARL.2025.AAD,Alyn and Deeside,0.034620377007575025,0.16481972993393648,0.8005598930584885,Urban with rural areas
UKPARL.2025.AAG,Alloa and Grangemouth,0.087315886442524,0.2497531580501013,0.6629309555073747,Rural
UKPARL.2025.AAS,Airdrie and Shotts,0.19565998921488345,0.1354430885378178,0.6688969222472987,Urban with rural areas
UKPARL.2025.ABF,Arbroath and Broughty Ferry,0.15631455594771604,0.0,0.843685444052284,Urban with rural areas
UKPARL.2025.ABH,Aldridge-Brownhills,0.0,0.01512392113389817,0.9848760788661018,Urban
UKPARL.2025.ABL,"Argyll, Bute and South Lochaber",0.49964922884310276,0.32640065621188735,0.17395011494500986,Sparse and rural
UKPARL.2025.ABM,Aberdeenshire North and Moray East,0.4872178445179179,0.22142714219016493,0.29135501329191715,Sparse and rural
UKPARL.2025.ABN,Aberdeen North,0.0,0.04834202833007607,0.9516579716699239,Urban
UKPARL.2025.ABS,Aberdeen South,0.004483553655053572,0.07069175967514181,0.9248246866698047,Urban
UKPARL.2025.ABV,Amber Valley,0.062088017577916675,0.10209697719563965,0.8358150052264437,Urban with rural areas
UKPARL.2025.ACC,"Ayr, Carrick and Cumnock",0.2722872042050153,0.24602663453348014,0.4816861612615046,Rural
UKPARL.2025.AFM,Aberafan Maesteg,0.04941131868826218,0.09408370016217696,0.8565049811495609,Urban with rural areas
UKPARL.2025.AHT,Aldershot,0.0,0.0,1.0,Urban
UKPARL.2025.APG,Angus and Perthshire Glens,0.5187244198640838,0.21987175186189842,0.26140382827401776,Sparse and rural
UKPARL.2025.ASD,Arundel and South Downs,0.3367722620059069,0.6159121252579196,0.04731561273617348,Sparse and rural
UKPARL.2025.ASF,Ashfield,0.0,0.0,1.0,Urban
UKPARL.2025.ASH,Ashford,0.1303668939721411,0.14626357437123425,0.7233695316566247,Urban with rural areas
UKPARL.2025.ASW,Altrincham and Sale West,0.01424214524110945,0.0,0.9857578547588906,Urban
UKPARL.2025.AUL,Ashton-under-Lyne,0.0,0.0,1.0,Urban
UKPARL.2025.AYS,Aylesbury,0.04854540111666177,0.18909365685739474,0.7623609420259435,Urban with rural areas
UKPARL.2025.BAA,Blyth and Ashington,0.012102978214639213,0.15025332954400683,0.8376436922413539,Urban with rural areas
UKPARL.2025.BAB,Basildon and Billericay,0.0,0.0,1.0,Urban
UKPARL.2025.BAC,Blaydon and Consett,0.05437161742766604,0.2465071707811088,0.6991212117912252,Urban with rural areas
UKPARL.2025.BAF,Broadland and Fakenham,0.37142494096718515,0.4862609726913669,0.14231408634144793,Sparse and rural
UKPARL.2025.BAI,Brentford and Isleworth,0.0,0.0,1.0,Urban
UKPARL.2025.BAL,Bathgate and Linlithgow,0.09648251094603237,0.05060264672602942,0.8529148423279382,Urban with rural areas
UKPARL.2025.BAN,Banbury,0.2807580323849415,0.1911937477652347,0.5280482198498238,Rural
UKPARL.2025.BAO,Brentwood and Ongar,0.13413440234137494,0.2789760606778858,0.5868895369807393,Rural
UKPARL.2025.BAP,Beckenham and Penge,0.0,0.0,1.0,Urban
UKPARL.2025.BAS,Boston and Skegness,0.26870176934555534,0.10460029844382861,0.6266979322106161,Urban with rural areas
UKPARL.2025.BAT,Battersea,0.0,0.0,1.0,Urban
UKPARL.2025.BAU,Burton and Uttoxeter,0.0705938732628009,0.06384782688834004,0.8655582998488591,Urban with rural areas
UKPARL.2025.BBH,Bromley and Biggin Hill,0.015841564036906067,0.0,0.9841584359630939,Urban
UKPARL.2025.BBN,Blackburn,0.0,0.0,1.0,Urban
UKPARL.2025.BCF,Beaconsfield,0.04994513214435887,0.1653727424697714,0.7846821253858697,Urban with rural areas
UKPARL.2025.BDE,Bradford East,0.0,0.0,1.0,Urban
UKPARL.2025.BDS,Bradford South,0.0,0.0,1.0,Urban
UKPARL.2025.BDW,Bradford West,0.0,0.0149886405702216,0.9850113594297784,Urban
UKPARL.2025.BEA,Brent East,0.0,0.0,1.0,Urban
UKPARL.2025.BEB,Birmingham Edgbaston,0.0,0.0,1.0,Urban
UKPARL.2025.BED,Bedford,0.0,0.0,1.0,Urban
UKPARL.2025.BER,Birmingham Erdington,0.0,0.0,1.0,Urban
UKPARL.2025.BES,Bury St Edmunds and Stowmarket,0.23876826626100586,0.13389572673212558,0.6273360070068685,Urban with rural areas
UKPARL.2025.BEV,Beverley and Holderness,0.22006292594527888,0.29556294262176613,0.48437413143295494,Rural
UKPARL.2025.BEX,Bexhill and Battle,0.2559807376329196,0.24379708377682935,0.500222178590251,Rural
UKPARL.2025.BGA,Bangor Aberconwy,0.2350642156661606,0.23869558081326167,0.5262402035205778,Rural
UKPARL.2025.BGN,Bridgend,0.016513202152707702,0.1088231584258325,0.8746636394214599,Urban with rural areas
UKPARL.2025.BGR,Blaenau Gwent and Rhymney,0.025866891802544985,0.2126720305967796,0.7614610776006754,Urban with rural areas
UKPARL.2025.BGS,Bethnal Green and Stepney,0.0,0.0,1.0,Urban
UKPARL.2025.BHE,Bournemouth East,0.0,0.0,1.0,Urban
UKPARL.2025.BHG,Birmingham Hall Green and Moseley,0.0,0.0,1.0,Urban
UKPARL.2025.BHW,Bournemouth West,0.0,0.0,1.0,Urban
UKPARL.2025.BIA,Bishop Auckland,0.24536791391642082,0.47246216864401386,0.2821699174395653,Rural
UKPARL.2025.BIM,Brigg and Immingham,0.10955858649859383,0.3756072075677238,0.5148342059336823,Rural
UKPARL.2025.BKG,Barking,0.0,0.0,1.0,Urban
UKPARL.2025.BKH,Birkenhead,0.0,0.0,1.0,Urban
UKPARL.2025.BKP,Brighton Kemptown and Peacehaven,0.0,0.0,1.0,Urban
UKPARL.2025.BLA,Birmingham Ladywood,0.0,0.0,1.0,Urban
UKPARL.2025.BLN,Bolton North East,0.0,0.0,1.0,Urban
UKPARL.2025.BLS,Bolton South and Walkden,0.0,0.0,1.0,Urban
UKPARL.2025.BLW,Bolton West,0.0,0.0,1.0,Urban
UKPARL.2025.BMS,Blackley and Middleton South,0.0,0.0,1.0,Urban
UKPARL.2025.BNE,Bristol North East,0.0,0.0,1.0,Urban
UKPARL.2025.BNF,Birmingham Northfield,0.0,0.0,1.0,Urban
UKPARL.2025.BNN,Barnsley North,0.0,0.09118147151559172,0.9088185284844083,Urban
UKPARL.2025.BNS,Barnsley South,0.0,0.013805168710593778,0.9861948312894062,Urban
UKPARL.2025.BNW,Bristol North West,0.0,0.0,1.0,Urban
UKPARL.2025.BOL,Bolsover,0.10130844057049186,0.3529746655280387,0.5457168939014694,Rural
UKPARL.2025.BOS,Bermondsey and Old Southwark,0.0,0.0,1.0,Urban
UKPARL.2025.BPB,Birmingham Perry Barr,0.0,0.0,1.0,Urban
UKPARL.2025.BPN,Blackpool North and Fleetwood,0.0,0.0,1.0,Urban
UKPARL.2025.BPS,Blackpool South,0.0,0.0,1.0,Urban
UKPARL.2025.BPV,Brighton Pavilion,0.0,0.0,1.0,Urban
UKPARL.2025.BRC,"Brecon, Radnor and Cwm Tawe",0.38705817078079613,0.35152688780339214,0.26141494141581173,Sparse and rural
UKPARL.2025.BRD,Bridlington and The Wolds,0.22295002169289213,0.25364810954381434,0.5234018687632935,Rural
UKPARL.2025.BRG,Bromsgrove,0.1232566754437781,0.06424645327940248,0.8124968712768195,Urban with rural areas
UKPARL.2025.BRK,Bracknell,0.0,0.0,1.0,Urban
UKPARL.2025.BRL,Bognor Regis and Littlehampton,0.017892098571193355,0.04200435410987724,0.9401035473189294,Urban
UKPARL.2025.BRS,"Berwickshire, Roxburgh and Selkirk",0.4985052550441132,0.20491026322094102,0.2965844817349458,Sparse and rural
UKPARL.2025.BRW,Barrow and Furness,0.10423782545558669,0.31841981469740044,0.5773423598470129,Rural
UKPARL.2025.BSC,Bristol Central,0.0,0.0,1.0,Urban
UKPARL.2025.BSE,Bristol East,0.0,0.0,1.0,Urban
UKPARL.2025.BSK,Basingstoke,0.03160987074030552,0.04912772304076652,0.919262406218928,Urban
UKPARL.2025.BSL,Bassetlaw,0.14266034718609713,0.1970599001984471,0.6602797526154558,Urban with rural areas
UKPARL.2025.BSN,Birmingham Hodge Hill and Solihull North,0.0,0.0,1.0,Urban
UKPARL.2025.BSO,Birmingham Selly Oak,0.0,0.0,1.0,Urban
UKPARL.2025.BSS,Bristol South,0.0,0.0,1.0,Urban
UKPARL.2025.BTE,Belfast East,0.0,0.0,1.0,Urban
UKPARL.2025.BTH,Bath,0.011972166619006767,0.0,0.9880278333809932,Urban
UKPARL.2025.BTL,Bootle,0.0,0.0,1.0,Urban
UKPARL.2025.BTN,Belfast North,0.0,0.0,1.0,Urban
UKPARL.2025.BTR,Braintree,0.2749593003445273,0.09816188997841972,0.626878809677053,Urban with rural areas
UKPARL.2025.BTS,Belfast South and Mid Down,0.0887123230674444,0.05713051201421061,0.8541571649183449,Urban with rural areas
UKPARL.2025.BTW,Belfast West,0.0,0.05574784931921887,0.9442521506807812,Urban
UKPARL.2025.BUC,Buckingham and Bletchley,0.21624751819986765,0.06761816851858302,0.7161343132815493,Urban with rural areas
UKPARL.2025.BUN,Bury North,0.01341511599465653,0.01478861314417957,0.9717962708611639,Urban
UKPARL.2025.BUR,Burnley,0.010448567825617006,0.015511666935308005,0.974039765239075,Urban
UKPARL.2025.BUS,Bury South,0.0133631235557972,0.013125254859317656,0.9735116215848851,Urban
UKPARL.2025.BWE,Brent West,0.0,0.0,1.0,Urban
UKPARL.2025.BWS,Bicester and Woodstock,0.24956986510562484,0.21720539577500636,0.5332247391193689,Rural
UKPARL.2025.BWT,Bridgwater,0.15434420000197396,0.15833160611533867,0.6873241938826874,Urban with rural areas
UKPARL.2025.BXB,Broxbourne,0.012971212518249542,0.03338262269307079,0.9536461647886797,Urban
UKPARL.2025.BXC,Bexleyheath and Crayford,0.0,0.0,1.0,Urban
UKPARL.2025.BXT,Broxtowe,0.0,0.0,1.0,Urban
UKPARL.2025.BYA,Birmingham Yardley,0.0,0.0,1.0,Urban
UKPARL.2025.CAA,Chesham and Amersham,0.03701452683179563,0.09157483609987446,0.8714106370683299,Urban with rural areas
UKPARL.2025.CAB,Coatbridge and Bellshill,0.08226398025507144,0.06899908551874687,0.8487369342261817,Urban with rural areas
UKPARL.2025.CAE,Caerphilly,0.032105104198127454,0.16566998892580287,0.8022249068760696,Urban with rural areas
UKPARL.2025.CAF,Chelsea and Fulham,0.0,0.0,1.0,Urban
UKPARL.2025.CAN,Caerfyrddin,0.4946216026987461,0.1623066641206798,0.3430717331805741,Sparse and rural
UKPARL.2025.CAR,Carlisle,0.16260317763252063,0.08748508993749701,0.7499117324299823,Urban with rural areas
UKPARL.2025.CAV,Calder Valley,0.11377675229824498,0.20139166454707313,0.6848315831546818,Urban with rural areas
UKPARL.2025.CAW,Carshalton and Wallington,0.0,0.0,1.0,Urban
UKPARL.2025.CAY,Central Ayrshire,0.17022761434399827,0.0,0.8297723856560018,Urban with rural areas
UKPARL.2025.CBG,Cambridge,0.0,0.0,1.0,Urban
UKPARL.2025.CBH,Clapham and Brixton Hill,0.0,0.0,1.0,Urban
UKPARL.2025.CCH,Chichester,0.12388355937810122,0.17615924967406743,0.6999571909478314,Urban with rural areas
UKPARL.2025.CDL,Cheadle,0.0,0.0,1.0,Urban
UKPARL.2025.CDP,Ceredigion Preseli,0.6296904413302656,0.19545074252248484,0.17485881614724952,Sparse and rural
UKPARL.2025.CDV,Central Devon,0.43716254352988787,0.5496746573518919,0.013162799118220254,Sparse and rural
UKPARL.2025.CEA,Coventry East,0.0,0.0,1.0,Urban
UKPARL.2025.CFE,Cardiff East,0.0,0.0,1.0,Urban
UKPARL.2025.CFN,Cardiff North,0.0,0.0,1.0,Urban
UKPARL.2025.CFP,Cardiff South and Penarth,0.0,0.0,1.0,Urban
UKPARL.2025.CFW,Cardiff West,0.0,0.1022119468985954,0.8977880531014046,Urban
UKPARL.2025.CHD,Chesterfield,0.0,0.014705260039778257,0.9852947399602218,Urban
UKPARL.2025.CHM,Chelmsford,0.0,0.0,1.0,Urban
UKPARL.2025.CHN,Chester North and Neston,0.022330524526717792,0.06274252833550052,0.9149269471377817,Urban
UKPARL.2025.CHR,Christchurch,0.01848287762144943,0.07514821697194939,0.9063689054066012,Urban
UKPARL.2025.CHS,Chester South and Eddisbury,0.4433224722841493,0.2697440760206192,0.28693345169523155,Sparse and rural
UKPARL.2025.CKC,Cannock Chase,0.016633254599948393,0.07425418312459062,0.909112562275461,Urban
UKPARL.2025.CKH,Cumbernauld and Kirkintilloch,0.12277453915235545,0.05957538994800693,0.8176500708996376,Urban with rural areas
UKPARL.2025.CKY,Cowdenbeath and Kirkcaldy,0.09586859806409898,0.08245432875575415,0.8216770731801469,Urban with rural areas
UKPARL.2025.CLE,Clwyd East,0.2967352858320378,0.1596986738728963,0.5435660402950659,Rural
UKPARL.2025.CLN,Clwyd North,0.036621088800818984,0.2134017170253094,0.7499771941738717,Urban with rural areas
UKPARL.2025.CLT,Clacton,0.1280223094647113,0.1491846563096427,0.722793034225646,Urban with rural areas
UKPARL.2025.CLW,Cities of London and Westminster,0.0,0.0,1.0,Urban
UKPARL.2025.CNG,Congleton,0.15624058407694982,0.10081121798586162,0.7429481979371886,Urban with rural areas
UKPARL.2025.CNM,Cheltenham,0.0,0.0,1.0,Urban
UKPARL.2025.CNW,Coventry North West,0.0,0.0,1.0,Urban
UKPARL.2025.COL,Colchester,0.0,0.0,1.0,Urban
UKPARL.2025.COR,Corby and East Northamptonshire,0.1390062604556508,0.2959833054515979,0.5650104340927513,Rural
UKPARL.2025.COV,Colne Valley,0.021075507934903467,0.13841099767512383,0.8405134943899727,Urban with rural areas
UKPARL.2025.CPB,Chipping Barnet,0.0,0.0,1.0,Urban
UKPARL.2025.CPM,Chippenham,0.192456527548223,0.01046109994952544,0.7970823725022516,Urban with rural areas
UKPARL.2025.CPT,Castle Point,0.0,0.0,1.0,Urban
UKPARL.2025.CRA,Crawley,0.0,0.0,1.0,Urban
UKPARL.2025.CRE,Croydon East,0.0,0.0,1.0,Urban
UKPARL.2025.CRK,Cramlington and Killingworth,0.0,0.33851077849948225,0.6614892215005177,Rural
UKPARL.2025.CRL,Chorley,0.058982186786804586,0.11999960480946877,0.8210182084037266,Urban with rural areas
UKPARL.2025.CRR,Camborne and Redruth,0.21848984223581278,0.25575673585796205,0.5257534219062252,Rural
UKPARL.2025.CRS,Croydon South,0.0,0.0,1.0,Urban
UKPARL.2025.CRW,Croydon West,0.0,0.0,1.0,Urban
UKPARL.2025.CSI,Central Suffolk and North Ipswich,0.3151142473767026,0.19835700012549354,0.48652875249780386,Rural
UKPARL.2025.CSO,Coventry South,0.0,0.0,1.0,Urban
UKPARL.2025.CSR,"Caithness, Sutherland and Easter Ross",0.6389220176590265,0.36107798234097355,0.0,Sparse and rural
UKPARL.2025.CTB,Canterbury,0.09429188575165874,0.045618443585793825,0.8600896706625475,Urban with rural areas
UKPARL.2025.CTM,Chatham and Aylesford,0.0,0.04300102148707012,0.9569989785129299,Urban
UKPARL.2025.CWG,Chingford and Woodford Green,0.0,0.0,1.0,Urban
UKPARL.2025.CWN,Crewe and Nantwich,0.07173239652852408,0.04148793020924583,0.8867796732622301,Urban
UKPARL.2025.DAB,Dewsbury and Batley,0.017249288131485793,0.0,0.9827507118685143,Urban
UKPARL.2025.DAD,Dover and Deal,0.0956752655538695,0.14950682852807284,0.7548179059180576,Urban with rural areas
UKPARL.2025.DAE,Droitwich and Evesham,0.31980179149990473,0.1371610845295056,0.5430371239705897,Rural
UKPARL.2025.DAG,Dumfries and Galloway,0.3351585014409222,0.21203418463678825,0.45280731392228957,Rural
UKPARL.2025.DAH,Dorking and Horley,0.19103872727076754,0.0778964614074609,0.7310648113217716,Urban with rural areas
UKPARL.2025.DAR,Dagenham and Rainham,0.0,0.0,1.0,Urban
UKPARL.2025.DAV,Daventry,0.3342301114038737,0.2779087505200388,0.38786113807608746,Sparse and rural
UKPARL.2025.DAW,Didcot and Wantage,0.1776752612459494,0.19114145102397206,0.6311832877300786,Rural
UKPARL.2025.DCT,"Dumfriesshire, Clydesdale and Tweeddale",0.6815439182991214,0.29355647512077787,0.024899606580100698,Sparse and rural
UKPARL.2025.DED,Derbyshire Dales,0.4005147300405213,0.42574745372905487,0.17373781623042384,Sparse and rural
UKPARL.2025.DEN,Derby North,0.0,0.0,1.0,Urban
UKPARL.2025.DES,Derby South,0.0,0.0,1.0,Urban
UKPARL.2025.DFD,Dartford,0.016088589778245916,0.04090193044434709,0.943009479777407,Urban
UKPARL.2025.DFR,Dunfermline and Dollar,0.18755390632835223,0.09752281616688396,0.7149232775047638,Urban with rural areas
UKPARL.2025.DHM,City of Durham,0.038286748813064604,0.44369215421847,0.5180210969684654,Rural
UKPARL.2025.DLB,Dunstable and Leighton Buzzard,0.022397573208519823,0.023504889873170367,0.9540975369183098,Urban
UKPARL.2025.DMD,Dwyfor Meirionnydd,0.5008968431122449,0.4991031568877551,0.0,Sparse and rural
UKPARL.2025.DNC,Doncaster Central,0.014014665134824626,0.05463100628505778,0.9313543285801176,Urban
UKPARL.2025.DNE,Doncaster East and the Isle of Axholme,0.19027065237182303,0.25305514796448425,0.5566741996636927,Rural
UKPARL.2025.DNN,Doncaster North,0.07603796544171332,0.11157945972256024,0.8123825748357264,Urban with rural areas
UKPARL.2025.DRL,Darlington,0.046729925517804305,0.01374349556167738,0.9395265789205183,Urban
UKPARL.2025.DUD,Dudley,0.0,0.0,1.0,Urban
UKPARL.2025.DUN,Dundee Central,0.009067048437127178,0.0,0.9909329515628729,Urban
UKPARL.2025.DWN,Dulwich and West Norwood,0.0,0.0,1.0,Urban
UKPARL.2025.EAC,Eltham and Chislehurst,0.0,0.0,1.0,Urban
UKPARL.2025.EAE,Epsom and Ewell,0.0,0.030242648838898302,0.9697573511611017,Urban
UKPARL.2025.EAN,East Antrim,0.27045393032517495,0.15045625024165796,0.5790898194331671,Rural
UKPARL.2025.EAR,Earley and Woodley,0.028307794673085578,0.0244036086811875,0.947288596645727,Urban
UKPARL.2025.EAS,Easington,0.043850938169654526,0.2996811791146187,0.6564678827157268,Rural
UKPARL.2025.EAT,Erith and Thamesmead,0.0,0.0,1.0,Urban
UKPARL.2025.EAW,Esher and Walton,0.0,0.013757481185928457,0.9862425188140715,Urban
UKPARL.2025.EBN,Eastbourne,0.0,0.0,1.0,Urban
UKPARL.2025.ECA,Ealing Central and Acton,0.0,0.0,1.0,Urban
UKPARL.2025.EEC,Ely and East Cambridgeshire,0.17295062932515906,0.552607867725605,0.27444150294923597,Rural
UKPARL.2025.EEM,Edinburgh East and Musselburgh,0.01782883147386964,0.0,0.9821711685261304,Urban
UKPARL.2025.EGU,East Grinstead and Uckfield,0.24149418769492487,0.10796306047227511,0.6505427518328001,Urban with rural areas
UKPARL.2025.EHA,East Hampshire,0.24724853645556147,0.12984566258648217,0.6229058009579563,Urban with rural areas
UKPARL.2025.EHM,East Ham,0.0,0.0,1.0,Urban
UKPARL.2025.EKS,East Kilbride and Strathaven,0.06539144553249784,0.13441574915013446,0.8001928053173677,Urban with rural areas
UKPARL.2025.ELD,East Londonderry,0.43812787531687164,0.2196601258097831,0.34221199887334525,Sparse and rural
UKPARL.2025.ELN,Ealing North,0.0,0.0,1.0,Urban
UKPARL.2025.ELP,Ellesmere Port and Bromborough,0.0,0.0,1.0,Urban
UKPARL.2025.ELS,Ealing Southall,0.0,0.0,1.0,Urban
UKPARL.2025.ENF,Enfield North,0.013153883332713686,0.0,0.9868461166672863,Urban
UKPARL.2025.ENL,Edinburgh North and Leith,0.0,0.0,1.0,Urban
UKPARL.2025.EPF,Epping Forest,0.060344315820718315,0.05750469971307015,0.8821509844662115,Urban
UKPARL.2025.ERF,East Renfrewshire,0.026651313723437663,0.09206531979482885,0.8812833664817334,Urban with rural areas
UKPARL.2025.ERW,Erewash,0.0,0.0,1.0,Urban
UKPARL.2025.ESL,Eastleigh,0.0,0.018623239908119857,0.9813767600918801,Urban
UKPARL.2025.ESO,Edinburgh South,0.006369484134849277,0.0,0.9936305158651507,Urban
UKPARL.2025.ESU,East Surrey,0.08008954231754287,0.19685624352382255,0.7230542141586346,Urban with rural areas
UKPARL.2025.ESW,Edinburgh South West,0.005649988412329282,0.0,0.9943500115876707,Urban
UKPARL.2025.ETH,East Thanet,0.0,0.017411031031778632,0.9825889689682213,Urban
UKPARL.2025.EWE,Edinburgh West,0.03159390896698474,0.1341806031186621,0.8342254879143531,Urban with rural areas
UKPARL.2025.EWH,Edmonton and Winchmore Hill,0.0,0.0,1.0,Urban
UKPARL.2025.EWS,East Worthing and Shoreham,0.0,0.0,1.0,Urban
UKPARL.2025.EWT,East Wiltshire,0.3620051184613595,0.5182345185931987,0.11976036294544186,Sparse and rural
UKPARL.2025.EXM,Exmouth and Exeter East,0.24685786334707602,0.08259616539246688,0.6705459712604571,Urban with rural areas
UKPARL.2025.EXT,Exeter,0.0,0.0,1.0,Urban
UKPARL.2025.FAB,Farnham and Bordon,0.11561748195669606,0.14721331194867682,0.7371692060946271,Urban with rural areas
UKPARL.2025.FAH,Folkestone and Hythe,0.09390218522372529,0.18700312174817899,0.7190946930280957,Urban with rural areas
UKPARL.2025.FAV,Faversham and Mid Kent,0.16919354678777182,0.13172168291207648,0.6990847703001517,Urban with rural areas
UKPARL.2025.FAW,Fareham and Waterlooville,0.044020623717274866,0.10599189067427542,0.8499874856084497,Urban with rural areas
UKPARL.2025.FBS,Filton and Bradley Stoke,0.03398604144726273,0.024177569926637273,0.9418363886261,Urban
UKPARL.2025.FEL,Feltham and Heston,0.0,0.0,1.0,Urban
UKPARL.2025.FES,Frome and East Somerset,0.33833072498729055,0.1193094030044159,0.5423598720082935,Rural
UKPARL.2025.FGG,Finchley and Golders Green,0.0,0.0,1.0,Urban
UKPARL.2025.FLK,Falkirk,0.08609153711591869,0.03061779152624453,0.8832906713578368,Urban
UKPARL.2025.FOD,Forest of Dean,0.40032633215795355,0.2688298035436606,0.33084386429838586,Sparse and rural
UKPARL.2025.FOY,Foyle,0.025825049113004334,0.09544211575861082,0.8787328351283848,Urban with rural areas
UKPARL.2025.FST,Fermanagh and South Tyrone,0.6987896762403302,0.06716793532550198,0.23404238843416783,Sparse and rural
UKPARL.2025.FYL,Fylde,0.03283138701085843,0.11854128252407294,0.8486273304650687,Urban with rural areas
UKPARL.2025.GAA,Godalming and Ash,0.22427302438615604,0.13284588954998744,0.6428810860638565,Urban with rural areas
UKPARL.2025.GAB,Grantham and Bourne,0.23258580691214087,0.1320068209307398,0.6354073721571194,Urban with rural areas
UKPARL.2025.GAD,Gorton and Denton,0.0,0.0,1.0,Urban
UKPARL.2025.GAP,Goole and Pocklington,0.20245824931742096,0.37269297932484974,0.4248487713577293,Rural
UKPARL.2025.GAR,Gillingham and Rainham,0.0,0.0,1.0,Urban
UKPARL.2025.GAS,Glastonbury and Somerton,0.4075034018013348,0.4552150154430981,0.13728158275556707,Sparse and rural
UKPARL.2025.GAW,Greenwich and Woolwich,0.0,0.0,1.0,Urban
UKPARL.2025.GCW,Gateshead Central and Whickham,0.0,0.0,1.0,Urban
UKPARL.2025.GDB,Gordon and Buchan,0.5562614963957245,0.20006959980114342,0.243668903803132,Sparse and rural
UKPARL.2025.GEA,Glasgow East,0.0,0.0,1.0,Urban
UKPARL.2025.GED,Gedling,0.024912321949881463,0.05454652324692882,0.9205411548031898,Urban
UKPARL.2025.GGC,Great Grimsby and Cleethorpes,0.0,0.0,1.0,Urban
UKPARL.2025.GLO,Gloucester,0.0,0.0,1.0,Urban
UKPARL.2025.GMF,Glenrothes and Mid Fife,0.07718718589214096,0.1855239194689649,0.7372888946388941,Urban with rural areas
UKPARL.2025.GNB,Gainsborough,0.3864028348333281,0.3587234887683318,0.2548736763983401,Sparse and rural
UKPARL.2025.GNE,Glasgow North East,0.011801172045267424,0.0,0.9881988279547326,Urban
UKPARL.2025.GNO,Glasgow North,0.0,0.0,1.0,Urban
UKPARL.2025.GOS,Gosport,0.0,0.0,1.0,Urban
UKPARL.2025.GRV,Gravesham,0.054339389745555876,0.12056405988460711,0.825096550369837,Urban with rural areas
UKPARL.2025.GSO,Glasgow South,0.017487905742821473,0.0,0.9825120942571786,Urban
UKPARL.2025.GSW,Glasgow South West,0.0,0.0,1.0,Urban
UKPARL.2025.GUI,Guildford,0.09489363284736685,0.08064936030943172,0.8244570068432014,Urban with rural areas
UKPARL.2025.GWE,Glasgow West,0.0,0.0,1.0,Urban
UKPARL.2025.GWR,Gower,0.10720585599607588,0.1585967493939308,0.7341973946099933,Urban with rural areas
UKPARL.2025.GYM,Great Yarmouth,0.055518643794797456,0.2803011999677861,0.6641801562374164,Rural
UKPARL.2025.HAB,Harpenden and Berkhamsted,0.11391182983010295,0.1341861416893161,0.751902028480581,Urban with rural areas
UKPARL.2025.HAC,Hammersmith and Chiswick,0.0,0.0,1.0,Urban
UKPARL.2025.HAE,Harrow East,0.0,0.0,1.0,Urban
UKPARL.2025.HAH,Hampstead and Highgate,0.0,0.0,1.0,Urban
UKPARL.2025.HAL,Halesowen,0.0,0.0,1.0,Urban
UKPARL.2025.HAP,Hove and Portslade,0.0,0.0,1.0,Urban
UKPARL.2025.HAR,Hastings and Rye,0.07854499820062563,0.0664199832058392,0.8550350185935351,Urban with rural areas
UKPARL.2025.HAS,Hertford and Stortford,0.06138653121725092,0.0,0.9386134687827491,Urban
UKPARL.2025.HAT,Henley and Thame,0.29413744504512085,0.31873829908075474,0.3871242558741244,Rural
UKPARL.2025.HAU,Hornchurch and Upminster,0.0,0.0,1.0,Urban
UKPARL.2025.HAV,Havant,0.027729707884728973,0.0,0.972270292115271,Urban
UKPARL.2025.HAW,Harrow West,0.0,0.0,1.0,Urban
UKPARL.2025.HAY,Hayes and Harlington,0.0,0.0,1.0,Urban
UKPARL.2025.HAZ,Hazel Grove,0.0,0.0,1.0,Urban
UKPARL.2025.HBS,Herne Bay and Sandwich,0.13242428477310386,0.18429196031064704,0.683283754916249,Urban with rural areas
UKPARL.2025.HBV,Hamble Valley,0.03570110163399328,0.1248324234004935,0.8394664749655132,Urban with rural areas
UKPARL.2025.HCV,Hamilton and Clyde Valley,0.10992308422751876,0.17828316399202354,0.7117937517804577,Urban with rural areas
UKPARL.2025.HEN,Hendon,0.0,0.0,1.0,Urban
UKPARL.2025.HEX,Hexham,0.3390628216404364,0.15578157456444036,0.5051556037951233,Rural
UKPARL.2025.HFB,Hornsey and Friern Barnet,0.0,0.0,1.0,Urban
UKPARL.2025.HFX,Halifax,0.026681873952338984,0.0,0.973318126047661,Urban
UKPARL.2025.HGK,Harrogate and Knaresborough,0.11551483387210926,0.026167294707243827,0.8583178714206469,Urban with rural areas
UKPARL.2025.HIT,Hitchin,0.09876288659793814,0.30367206676485026,0.5975650466372115,Rural
UKPARL.2025.HKB,Hinckley and Bosworth,0.12570903897163843,0.161609875535605,0.7126810854927565,Urban with rural areas
UKPARL.2025.HLW,Harlow,0.08688432916075192,0.11190261108960296,0.8012130597496451,Urban with rural areas
UKPARL.2025.HML,Hemel Hempstead,0.01520303089178162,0.059286963279580336,0.9255100058286381,Urban
UKPARL.2025.HMN,Heywood and Middleton North,0.0,0.0,1.0,Urban
UKPARL.2025.HMR,Hertsmere,0.036461507211050175,0.16467231732314,0.7988661754658098,Urban with rural areas
UKPARL.2025.HNE,North East Hertfordshire,0.2348105191646893,0.15309106304212983,0.6120984177931809,Urban with rural areas
UKPARL.2025.HNS,Honiton and Sidmouth,0.3132950124579272,0.42642173361891855,0.26028325392315427,Sparse and rural
UKPARL.2025.HOW,"Harborough, Oadby and Wigston",0.07899896546627913,0.1024976599832504,0.8185033745504705,Urban with rural areas
UKPARL.2025.HPK,High Peak,0.1353355060108346,0.16759113374916365,0.6970733602400018,Urban with rural areas
UKPARL.2025.HPL,Hartlepool,0.02647780011155194,0.0,0.973522199888448,Urban
UKPARL.2025.HRH,Horsham,0.16303466550653561,0.27016551642310505,0.5667998180703593,Rural
UKPARL.2025.HRS,Hereford and South Herefordshire,0.30335915330930285,0.0,0.6966408466906971,Urban with rural areas
UKPARL.2025.HSD,Hackney South and Shoreditch,0.0,0.0,1.0,Urban
UKPARL.2025.HSN,Hackney North and Stoke Newington,0.0,0.0,1.0,Urban
UKPARL.2025.HSP,Holborn and St Pancras,0.0,0.0,1.0,Urban
UKPARL.2025.HSS,Houghton and Sunderland South,0.0,0.014522123817490363,0.9854778761825096,Urban
UKPARL.2025.HTD,Huntingdon,0.160376371278581,0.4135985489300103,0.4260250797914087,Rural
UKPARL.2025.HUD,Huddersfield,0.0,0.0,1.0,Urban
UKPARL.2025.HUE,Kingston upon Hull East,0.0,0.0,1.0,Urban
UKPARL.2025.HUN,Kingston upon Hull North and Cottingham,0.0,0.0,1.0,Urban
UKPARL.2025.HUW,Kingston upon Hull West and Haltemprice,0.0,0.0,1.0,Urban
UKPARL.2025.HWC,Harwich and North Essex,0.21012239967312715,0.4136274004725445,0.3762501998543284,Rural
UKPARL.2025.HYB,Hyndburn,0.0,0.06905076693216386,0.9309492330678362,Urban
UKPARL.2025.ILN,Ilford North,0.0,0.0,1.0,Urban
UKPARL.2025.ILS,Ilford South,0.0,0.0,1.0,Urban
UKPARL.2025.IPS,Ipswich,0.0,0.0,1.0,Urban
UKPARL.2025.IRW,Inverclyde and Renfrewshire West,0.045364528661248606,0.2347657644983605,0.7198697068403909,Urban with rural areas
UKPARL.2025.ISN,Islington North,0.0,0.0,1.0,Urban
UKPARL.2025.ISS,Islington South and Finsbury,0.0,0.0,1.0,Urban
UKPARL.2025.ISW,"Inverness, Skye and West Ross-shire",0.35921611794321184,0.0,0.6407838820567882,Urban with rural areas
UKPARL.2025.IWE,Isle of Wight East,0.015593817526184675,0.26652628101903464,0.7178799014547806,Urban with rural areas
UKPARL.2025.IWW,Isle of Wight West,0.15996317802011045,0.15139498654581504,0.6886418354340745,Urban with rural areas
UKPARL.2025.JGE,Jarrow and Gateshead East,0.0,0.0,1.0,Urban
UKPARL.2025.KAB,Kensington and Bayswater,0.0,0.0,1.0,Urban
UKPARL.2025.KAI,Keighley and Ilkley,0.015483832022053645,0.15366118679195928,0.8308549811859871,Urban with rural areas
UKPARL.2025.KAL,Kilmarnock and Loudoun,0.22950202486823093,0.25566250839455423,0.5148354667372148,Rural
UKPARL.2025.KAS,Kingston and Surbiton,0.0,0.0,1.0,Urban
UKPARL.2025.KET,Kettering,0.09112474437627811,0.13455123835491933,0.7743240172688025,Urban with rural areas
UKPARL.2025.KLW,Kenilworth and Southam,0.2860696273808941,0.2998677961122264,0.4140625765068795,Rural
UKPARL.2025.KNW,Knowsley,0.0,0.0,1.0,Urban
UKPARL.2025.KSS,Kingswinford and South Staffordshire,0.07050161267552099,0.08383740755622644,0.8456609797682526,Urban with rural areas
UKPARL.2025.LAA,Leigh and Atherton,0.0,0.02871307411808088,0.9712869258819191,Urban
UKPARL.2025.LAH,Louth and Horncastle,0.3651448515171078,0.3317765493867011,0.3030785990961911,Sparse and rural
UKPARL.2025.LAN,Lancaster and Wyre,0.21087233140110279,0.2283129001636,0.5608147684352972,Rural
UKPARL.2025.LAW,Leyton and Wanstead,0.0,0.0,1.0,Urban
UKPARL.2025.LBO,Loughborough,0.03165838932710098,0.02205667543090856,0.9462849352419904,Urban
UKPARL.2025.LCH,Leeds Central and Headingley,0.0,0.0,1.0,Urban
UKPARL.2025.LEA,Leeds East,0.012280859211392329,0.03618440734757374,0.9515347334410339,Urban
UKPARL.2025.LEE,Leicester East,0.0,0.0,1.0,Urban
UKPARL.2025.LES,Leicester South,0.0,0.0,1.0,Urban
UKPARL.2025.LEW,Leicester West,0.0,0.0,1.0,Urban
UKPARL.2025.LGT,Liverpool Garston,0.0,0.0,1.0,Urban
UKPARL.2025.LGV,Lagan Valley,0.3259163096629019,0.20666407027565017,0.46741962006144794,Rural
UKPARL.2025.LIC,Lichfield,0.11237124021425628,0.23706221672847136,0.6505665430572724,Rural
UKPARL.2025.LLE,Llanelli,0.13109359293159092,0.21136447806994338,0.6575419289984656,Urban with rural areas
UKPARL.2025.LNC,Lincoln,0.0,0.08371202852448702,0.916287971475513,Urban
UKPARL.2025.LNE,Leeds North East,0.0,0.0,1.0,Urban
UKPARL.2025.LNW,Leeds North West,0.0,0.06703524533517623,0.9329647546648238,Urban
UKPARL.2025.LOE,Lothian East,0.2916984328674291,0.3463998305802626,0.36190173655230834,Rural
UKPARL.2025.LRV,Liverpool Riverside,0.0,0.0,1.0,Urban
UKPARL.2025.LSO,Leeds South,0.0,0.0,1.0,Urban
UKPARL.2025.LSW,Leeds South West and Morley,0.0,0.0,1.0,Urban
UKPARL.2025.LUN,Luton North,0.0,0.0,1.0,Urban
UKPARL.2025.LUS,Luton South and South Bedfordshire,0.05451947415693639,0.0768678043602515,0.8686127214828121,Urban with rural areas
UKPARL.2025.LVG,Livingston,0.05498709267088182,0.15282090613191665,0.7921920011972016,Urban with rural areas
UKPARL.2025.LWD,Liverpool West Derby,0.0,0.0,1.0,Urban
UKPARL.2025.LWE,Lewisham East,0.0,0.0,1.0,Urban
UKPARL.2025.LWL,Liverpool Walton,0.0,0.0,1.0,Urban
UKPARL.2025.LWN,Lewisham North,0.0,0.0,1.0,Urban
UKPARL.2025.LWP,Leeds West and Pudsey,0.0,0.0,1.0,Urban
UKPARL.2025.LWS,Lewes,0.14177596497464778,0.11393530039104159,0.7442887346343107,Urban with rural areas
UKPARL.2025.LWT,Lowestoft,0.045848810155516555,0.052532756439038326,0.9016184334054451,Urban
UKPARL.2025.LWV,Liverpool Wavertree,0.0,0.0,1.0,Urban
UKPARL.2025.LWW,Lewisham West and East Dulwich,0.0,0.0,1.0,Urban
UKPARL.2025.MAC,Macclesfield,0.1191167803317336,0.0,0.8808832196682664,Urban
UKPARL.2025.MAG,Montgomeryshire and Glynd≈µr,0.4331076658758079,0.16539515667184815,0.4014971774523439,Sparse and rural
UKPARL.2025.MAI,Maidenhead,0.06044856167723062,0.0,0.9395514383227693,Urban
UKPARL.2025.MAL,Maldon,0.21361432872378425,0.23079042710618972,0.555595244170026,Rural
UKPARL.2025.MAM,Mitcham and Morden,0.0,0.0,1.0,Urban
UKPARL.2025.MAN,Mansfield,0.0,0.12788963801194733,0.8721103619880527,Urban with rural areas
UKPARL.2025.MAS,Melton and Syston,0.20964686709630995,0.10381281945458586,0.6865403134491042,Urban with rural areas
UKPARL.2025.MBD,Mid Bedfordshire,0.20407338967818808,0.42533296981814145,0.3705936405036705,Rural
UKPARL.2025.MBU,Mid Buckinghamshire,0.3502123252200932,0.44701191092698084,0.20277576385292595,Sparse and rural
UKPARL.2025.MCH,Mid Cheshire,0.03547122674017918,0.01703566505858029,0.9474931082012406,Urban
UKPARL.2025.MCL,Middlesbrough South and East Cleveland,0.015155050269375981,0.24627752089254656,0.7385674288380775,Urban with rural areas
UKPARL.2025.MCT,Manchester Central,0.0,0.0,1.0,Urban
UKPARL.2025.MDB,Mid Dunbartonshire,0.028488437046140097,0.08828876407917856,0.8832227988746814,Urban with rural areas
UKPARL.2025.MDE,Mid Derbyshire,0.0398209317502662,0.0,0.9601790682497338,Urban
UKPARL.2025.MDP,Mid Dorset and North Poole,0.07699121715858118,0.1266632741528139,0.7963455086886049,Urban with rural areas
UKPARL.2025.MDS,Maidstone and Malling,0.01499167631731326,0.12408620440069484,0.8609221192819919,Urban with rural areas
UKPARL.2025.MID,Midlothian,0.17034393251135627,0.07428077006272983,0.7553752974259139,Urban with rural areas
UKPARL.2025.MKC,Milton Keynes Central,0.009222496408972046,0.0,0.990777503591028,Urban
UKPARL.2025.MKF,Makerfield,0.0,0.015077231272075492,0.9849227687279245,Urban
UKPARL.2025.MKM,Melksham and Devizes,0.3044904304632623,0.17451725739636556,0.5209923121403721,Rural
UKPARL.2025.MKN,Milton Keynes North,0.09854254071143101,0.09170262263138011,0.8097548366571888,Urban with rural areas
UKPARL.2025.MLE,Mid Leicestershire,0.0895031358400175,0.18559600838874477,0.7249008557712378,Urban with rural areas
UKPARL.2025.MMS,Monmouthshire,0.23859816048208055,0.20346759699756845,0.557934242520351,Rural
UKPARL.2025.MNF,Mid Norfolk,0.49713607724408804,0.1600319122821373,0.34283201047377465,Sparse and rural
UKPARL.2025.MNS,"Moray West, Nairn and Strathspey",0.472119341563786,0.20078563411896747,0.3270950243172465,Sparse and rural
UKPARL.2025.MOR,Morecambe and Lunesdale,0.2043627673651571,0.3025398455552703,0.4930973870795726,Rural
UKPARL.2025.MRH,Manchester Rusholme,0.0,0.0,1.0,Urban
UKPARL.2025.MSE,Meriden and Solihull East,0.03208135517037953,0.11011227537901135,0.8578063694506092,Urban with rural areas
UKPARL.2025.MSP,Mid and South Pembrokeshire,0.3459807761460935,0.3685867843293518,0.28543243952455466,Sparse and rural
UKPARL.2025.MSU,Mid Sussex,0.06721786971376666,0.04577875494173144,0.8870033753445019,Urban
UKPARL.2025.MTA,Merthyr Tydfil and Aberdare,0.01721313093428611,0.13839594149114667,0.8443909275745672,Urban with rural areas
UKPARL.2025.MTE,Middlesbrough and Thornaby East,0.0,0.0,1.0,Urban
UKPARL.2025.MUL,Mid Ulster,0.7125149524123225,0.18287016972071493,0.10461487786696254,Sparse and rural
UKPARL.2025.MWC,"Motherwell, Wishaw and Carluke",0.08662613981762918,0.06951692760604844,0.8438569325763223,Urban with rural areas
UKPARL.2025.MWI,Manchester Withington,0.0,0.0,1.0,Urban
UKPARL.2025.NAA,North Ayrshire and Arran,0.1214605463225834,0.2669197316235499,0.6116197220538667,Rural
UKPARL.2025.NAH,Normanton and Hemsworth,0.058197257296530636,0.41355142338757955,0.5282513193158899,Rural
UKPARL.2025.NAN,North Antrim,0.46857310691017834,0.16114849229235645,0.3702784007974652,Sparse and rural
UKPARL.2025.NAR,Newry and Armagh,0.516540658889535,0.1252608532037905,0.3581984879066744,Sparse and rural
UKPARL.2025.NAS,Newton Aycliffe and Spennymoor,0.05512819167357562,0.4525801001185891,0.4922917082078353,Rural
UKPARL.2025.NBD,North Bedfordshire,0.3044561043306338,0.22974411619330062,0.46579977947606555,Rural
UKPARL.2025.NBY,Newbury,0.11370435031190337,0.1438737276282071,0.7424219220598895,Urban with rural areas
UKPARL.2025.NCE,Newcastle upon Tyne East and Wallsend,0.0,0.0,1.0,Urban
UKPARL.2025.NCL,Newcastle upon Tyne Central and West,0.0,0.0,1.0,Urban
UKPARL.2025.NCN,Newcastle upon Tyne North,0.014157109384634357,0.036214905249311466,0.9496279853660542,Urban
UKPARL.2025.NCR,North Cornwall,0.46630583420194505,0.3764834135006168,0.15721075229743817,Sparse and rural
UKPARL.2025.NCT,North Cotswolds,0.3970960279568834,0.2103263277058621,0.3925776443372545,Sparse and rural
UKPARL.2025.NDH,North Durham,0.014470693717550408,0.2107529347984737,0.7747763714839759,Urban with rural areas
UKPARL.2025.NDS,North Dorset,0.39783926218708826,0.19463504611330698,0.40752569169960473,Sparse and rural
UKPARL.2025.NDV,North Devon,0.2944567399248546,0.2579134283802563,0.44762983169488907,Rural
UKPARL.2025.NDW,North Down,0.043259179328085706,0.1858410490110123,0.770899771660902,Urban with rural areas
UKPARL.2025.NEC,North East Cambridgeshire,0.13109474717722142,0.08183603338242514,0.7870692194403535,Urban with rural areas
UKPARL.2025.NED,North East Derbyshire,0.06004985512186808,0.030222004431566387,0.9097281404465656,Urban
UKPARL.2025.NEF,North East Fife,0.35671937774215756,0.2778993660285852,0.3653812562292572,Sparse and rural
UKPARL.2025.NEH,North East Hampshire,0.21360504036227604,0.23914156329986216,0.5472533963378617,Rural
UKPARL.2025.NES,North East Somerset and Hanham,0.18285582521473454,0.07870717319036913,0.7384370015948963,Urban with rural areas
UKPARL.2025.NFE,New Forest East,0.09514662568830837,0.1376936867716737,0.767159687540018,Urban with rural areas
UKPARL.2025.NFW,New Forest West,0.12535599342425155,0.1924679895343722,0.6821760170413763,Urban with rural areas
UKPARL.2025.NGE,Nottingham East,0.0,0.0,1.0,Urban
UKPARL.2025.NGN,Nottingham North and Kimberley,0.0,0.0,1.0,Urban
UKPARL.2025.NGS,Nottingham South,0.0,0.0,1.0,Urban
UKPARL.2025.NHI,Na h-Eileanan an Iar,0.7059505988023952,0.2940494011976048,0.0,Sparse and rural
UKPARL.2025.NHN,Northampton North,0.0,0.0,1.0,Urban
UKPARL.2025.NHR,North Herefordshire,0.5314250093003147,0.20377240873123598,0.2648025819684493,Sparse and rural
UKPARL.2025.NHS,Northampton South,0.0,0.0,1.0,Urban
UKPARL.2025.NNF,North Norfolk,0.5229017056859777,0.338614626606125,0.13848366770789725,Sparse and rural
UKPARL.2025.NNU,North Northumberland,0.29033069282031937,0.41212959470220883,0.2975397124774718,Sparse and rural
UKPARL.2025.NPE,Newport East,0.010445708337980001,0.11090665774506524,0.8786476339169548,Urban with rural areas
UKPARL.2025.NPI,Newport West and Islwyn,0.01201603404384665,0.06080208214597819,0.9271818838101752,Urban
UKPARL.2025.NRN,Norwich North,0.0,0.0,1.0,Urban
UKPARL.2025.NRS,Norwich South,0.0,0.0,1.0,Urban
UKPARL.2025.NSO,North Shropshire,0.34818689530401953,0.3327892708251396,0.3190238338708409,Sparse and rural
UKPARL.2025.NSS,North Somerset,0.13288977922630602,0.0697923045784333,0.7973179161952607,Urban with rural areas
UKPARL.2025.NSW,Neath and Swansea East,0.011749886831073236,0.12271447971816017,0.8655356334507666,Urban with rural areas
UKPARL.2025.NTA,Newton Abbot,0.04843773519987958,0.13910930477603595,0.8124529600240845,Urban with rural areas
UKPARL.2025.NUL,Newcastle-under-Lyme,0.0910802303573778,0.10159610538141554,0.8073236642612066,Urban with rural areas
UKPARL.2025.NUN,Nuneaton,0.013554264339676169,0.03136393725111113,0.9550817984092127,Urban
UKPARL.2025.NWB,North Warwickshire and Bedworth,0.1289332964059737,0.3362981742261233,0.534768529367903,Rural
UKPARL.2025.NWC,North West Cambridgeshire,0.12146002695487206,0.2476414486956074,0.6308985243495205,Rural
UKPARL.2025.NWE,North West Essex,0.30505773845230955,0.4688249850029994,0.22611727654469105,Sparse and rural
UKPARL.2025.NWH,North West Hampshire,0.13350473785102343,0.145787718836024,0.7207075433129525,Urban with rural areas
UKPARL.2025.NWK,Newark,0.3057841416136347,0.24223721746763222,0.4519786409187331,Rural
UKPARL.2025.NWL,North West Leicestershire,0.13279461005322776,0.29244735744018235,0.5747580325065899,Rural
UKPARL.2025.NWN,North West Norfolk,0.3112589786243834,0.20853486158254564,0.48020615979307096,Rural
UKPARL.2025.OAS,Orkney and Shetland,0.6955963708785129,0.30440362912148705,0.0,Sparse and rural
UKPARL.2025.OBS,Old Bexley and Sidcup,0.0,0.0,1.0,Urban
UKPARL.2025.ODB,Ossett and Denby Dale,0.06855058365758755,0.2349124513618677,0.6965369649805447,Urban with rural areas
UKPARL.2025.OLE,Oldham East and Saddleworth,0.012063950829568112,0.0,0.9879360491704319,Urban
UKPARL.2025.OLW,"Oldham West, Chadderton and Royton",0.0,0.0,1.0,Urban
UKPARL.2025.ORP,Orpington,0.03283918370602251,0.0,0.9671608162939775,Urban
UKPARL.2025.OXE,Oxford East,0.0,0.0,1.0,Urban
UKPARL.2025.OXW,Oxford West and Abingdon,0.029681205275841137,0.06137672228251872,0.9089420724416402,Urban
UKPARL.2025.PAL,Poplar and Limehouse,0.0,0.0,1.0,Urban
UKPARL.2025.PAS,Penistone and Stocksbridge,0.10674666062938647,0.07506037280205267,0.8181929665685609,Urban with rural areas
UKPARL.2025.PBO,Peterborough,0.012253422699405991,0.062116832375083385,0.9256297449255106,Urban
UKPARL.2025.PCK,"Pontefract, Castleford and Knottingley",0.01474257652122911,0.0,0.9852574234787709,Urban
UKPARL.2025.PDL,Pendle and Clitheroe,0.07924057002174421,0.15477923338185348,0.7659801965964024,Urban with rural areas
UKPARL.2025.PEN,Penrith and Solway,0.4137028468355423,0.3930770135675633,0.19322013959689435,Sparse and rural
UKPARL.2025.PHK,Perth and Kinross-shire,0.39753379563422464,0.16713886115683152,0.43532734320894384,Sparse and rural
UKPARL.2025.PKM,Peckham,0.0,0.0,1.0,Urban
UKPARL.2025.PLE,Poole,0.0,0.0,1.0,Urban
UKPARL.2025.PMV,Plymouth Moor View,0.0,0.0,1.0,Urban
UKPARL.2025.PON,Portsmouth North,0.0,0.0,1.0,Urban
UKPARL.2025.POS,Portsmouth South,0.0,0.0,1.0,Urban
UKPARL.2025.PPD,Pontypridd,0.0,0.2682410594258583,0.7317589405741417,Urban with rural areas
UKPARL.2025.PRE,Preston,0.0,0.0,1.0,Urban
UKPARL.2025.PRN,Paisley and Renfrewshire North,0.037801316588435996,0.042321667807195935,0.9198770156043681,Urban
UKPARL.2025.PRS,Paisley and Renfrewshire South,0.08847298166613059,0.013710196204567385,0.897816822129302,Urban
UKPARL.2025.PSD,Plymouth Sutton and Devonport,0.0,0.0,1.0,Urban
UKPARL.2025.PUT,Putney,0.0,0.0,1.0,Urban
UKPARL.2025.QPK,Queen's Park and Maida Vale,0.0,0.0,1.0,Urban
UKPARL.2025.RAC,Rawmarsh and Conisbrough,0.028282753788856523,0.0,0.9717172462111435,Urban
UKPARL.2025.RAD,Rossendale and Darwen,0.02852921118436008,0.04769076305220884,0.9237800257634311,Urban
UKPARL.2025.RAH,Runcorn and Helsby,0.0935795724686996,0.18808207556844136,0.718338351962859,Urban with rural areas
UKPARL.2025.RAN,Richmond and Northallerton,0.36599522021167635,0.3125439318779748,0.32146084791034885,Sparse and rural
UKPARL.2025.RAO,Rhondda and Ogmore,0.026527149875945122,0.345715938845358,0.6277569112786969,Rural
UKPARL.2025.RAS,Rochester and Strood,0.06151378705769844,0.23272633088938477,0.7057598820529168,Urban with rural areas
UKPARL.2025.RAW,Rayleigh and Wickford,0.0,0.0,1.0,Urban
UKPARL.2025.RCD,Rochdale,0.0,0.0,1.0,Urban
UKPARL.2025.RCF,Rushcliffe,0.10386221294363257,0.382429983850002,0.5137078032063654,Rural
UKPARL.2025.RDC,Redditch,0.07051898747271618,0.061705407110862844,0.867775605416421,Urban with rural areas
UKPARL.2025.RDG,Reading Central,0.0,0.0,1.0,Urban
UKPARL.2025.RDW,Reading West and Mid Berkshire,0.23383776156025232,0.1628702913889152,0.6032919470508324,Rural
UKPARL.2025.RED,Redcar,0.01487562824772127,0.17284266121475425,0.8122817105375245,Urban with rural areas
UKPARL.2025.REI,Reigate,0.0,0.016591995352480876,0.9834080046475191,Urban
UKPARL.2025.RGN,Rutherglen,0.0,0.0,1.0,Urban
UKPARL.2025.RHM,Rotherham,0.0,0.029889940788813435,0.9701100592111865,Urban
UKPARL.2025.RHV,Rother Valley,0.0,0.1853582858480993,0.8146417141519007,Urban with rural areas
UKPARL.2025.RIV,Ribble Valley,0.2212832887204236,0.19524823665031946,0.583468474629257,Rural
UKPARL.2025.RMF,Romford,0.0,0.0,1.0,Urban
UKPARL.2025.RNP,"Ruislip, Northwood and Pinner",0.012970475341543723,0.05703007040075676,0.9299994542576995,Urban
UKPARL.2025.RPK,Richmond Park,0.0,0.0,1.0,Urban
UKPARL.2025.RSO,Romsey and Southampton North,0.27507603050577834,0.07806110513264398,0.6468628643615777,Urban with rural areas
UKPARL.2025.RUG,Rugby,0.11332864839540877,0.07421878660107753,0.8124525650035137,Urban with rural areas
UKPARL.2025.RUN,Runnymede and Weybridge,0.0,0.0,1.0,Urban
UKPARL.2025.RUT,Rutland and Stamford,0.35897702140031357,0.2240958601140104,0.41692711848567604,Sparse and rural
UKPARL.2025.SAB,Stratford and Bow,0.0,0.0,1.0,Urban
UKPARL.2025.SAC,Sutton and Cheam,0.0,0.0,1.0,Urban
UKPARL.2025.SAH,Stalybridge and Hyde,0.0,0.0,1.0,Urban
UKPARL.2025.SAL,Salisbury,0.3880238864844135,0.11863255355284062,0.49334355996274587,Sparse and rural
UKPARL.2025.SAN,South Antrim,0.3189789181352942,0.2328786264475224,0.4481424554171834,Rural
UKPARL.2025.SAR,Skipton and Ripon,0.4114493680224266,0.1963802685289923,0.39217036344858114,Sparse and rural
UKPARL.2025.SAS,Sittingbourne and Sheppey,0.11045528935154134,0.07818885878070811,0.8113558518677506,Urban with rural areas
UKPARL.2025.SAU,Stretford and Urmston,0.0,0.0,1.0,Urban
UKPARL.2025.SAW,Scarborough and Whitby,0.17001348333110328,0.06532725382628117,0.7646592628426155,Urban with rural areas
UKPARL.2025.SBH,Sheffield Brightside and Hillsborough,0.0,0.0,1.0,Urban
UKPARL.2025.SBR,Stourbridge,0.0,0.0,1.0,Urban
UKPARL.2025.SBT,South Basildon and East Thurrock,0.026229278168661174,0.10630023853909837,0.8674704832922404,Urban with rural areas
UKPARL.2025.SBY,Selby,0.21233358776355832,0.34383766690787976,0.4438287453285619,Rural
UKPARL.2025.SCB,South Cambridgeshire,0.28086942222308203,0.36910784588746265,0.3500227318894553,Rural
UKPARL.2025.SCE,Sheffield Central,0.0,0.0,1.0,Urban
UKPARL.2025.SCN,Streatham and Croydon North,0.0,0.0,1.0,Urban
UKPARL.2025.SCT,South Cotswolds,0.3907730330907593,0.36934348090465074,0.23988348600458995,Sparse and rural
UKPARL.2025.SCU,Scunthorpe,0.07195453743511648,0.14950832458934193,0.7785371379755416,Urban with rural areas
UKPARL.2025.SDE,South Derbyshire,0.15587171103207223,0.2109654472586382,0.6331628417092896,Rural
UKPARL.2025.SDS,South Dorset,0.11551424981552023,0.18088989050876528,0.7035958596757145,Urban with rural areas
UKPARL.2025.SDV,South Devon,0.2541250667867956,0.3003572438791866,0.4455176893340178,Rural
UKPARL.2025.SDW,South Down,0.6146284939540603,0.23810124387129322,0.14727026217464648,Sparse and rural
UKPARL.2025.SEC,South East Cornwall,0.3410760109724803,0.47449340766303866,0.184430581364481,Sparse and rural
UKPARL.2025.SEF,Sefton Central,0.0,0.021026269515639153,0.9789737304843609,Urban
UKPARL.2025.SER,Southend East and Rochford,0.05940902647215548,0.04550435840463288,0.8950866151232116,Urban
UKPARL.2025.SEV,Sevenoaks,0.15042870537742506,0.22603938096296797,0.6235319136596069,Rural
UKPARL.2025.SFC,Suffolk Coastal,0.32041024811109875,0.18330686680085367,0.4962828850880476,Rural
UKPARL.2025.SFD,Salford,0.0,0.0,1.0,Urban
UKPARL.2025.SGF,Strangford,0.43606386369563327,0.2702423381916877,0.29369379811267904,Sparse and rural
UKPARL.2025.SGW,"Stone, Great Wyrley and Penkridge",0.16510504201680673,0.3415231092436975,0.4933718487394958,Rural
UKPARL.2025.SHA,Sheffield Hallam,0.014897177987306743,0.024955673024342553,0.9601471489883507,Urban
UKPARL.2025.SHD,South Holland and The Deepings,0.29448690456553217,0.23437986840417147,0.47113322703029636,Rural
UKPARL.2025.SHE,Sheffield Heeley,0.0,0.0,1.0,Urban
UKPARL.2025.SHN,St Helens North,0.0,0.06497622820919176,0.9350237717908082,Urban
UKPARL.2025.SHR,Shrewsbury,0.12856605491873058,0.11297539149888143,0.758458553582388,Urban with rural areas
UKPARL.2025.SHS,St Helens South and Whiston,0.0,0.0,1.0,Urban
UKPARL.2025.SHY,Shipley,0.0,0.12963628820356798,0.870363711796432,Urban with rural areas
UKPARL.2025.SKN,Stockton North,0.028851231337909847,0.0,0.9711487686620901,Urban
UKPARL.2025.SKW,Stockton West,0.09689996291581891,0.0732763372856384,0.8298236997985426,Urban with rural areas
UKPARL.2025.SLE,South Leicestershire,0.16441894119065803,0.4264682236604092,0.40911283514893276,Rural
UKPARL.2025.SLO,Slough,0.0,0.0,1.0,Urban
UKPARL.2025.SLR,Sleaford and North Hykeham,0.2178059577510699,0.3457514484295974,0.4364425938193327,Rural
UKPARL.2025.SMK,Smethwick,0.0,0.0,1.0,Urban
UKPARL.2025.SNC,St Neots and Mid Cambridgeshire,0.16938913944193892,0.39987350126498733,0.4307373592930737,Rural
UKPARL.2025.SNF,South Norfolk,0.3375646061608435,0.30988215836262145,0.35255323547653505,Sparse and rural
UKPARL.2025.SNH,South Northamptonshire,0.2720116411847331,0.5732272961529522,0.1547610626623147,Sparse and rural
UKPARL.2025.SNN,Swindon North,0.0,0.08143593652831552,0.9185640634716845,Urban
UKPARL.2025.SNQ,St Austell and Newquay,0.21804067330681148,0.28230294934711697,0.49965637734607155,Rural
UKPARL.2025.SNS,Swindon South,0.03223524479921748,0.0,0.9677647552007825,Urban
UKPARL.2025.SOA,Stratford-on-Avon,0.32963352496094267,0.3641979720829547,0.30616850295610265,Sparse and rural
UKPARL.2025.SOI,Southampton Itchen,0.0,0.0,1.0,Urban
UKPARL.2025.SOP,Southport,0.03180773988337162,0.137220253006663,0.8309720071099654,Urban with rural areas
UKPARL.2025.SOT,Southampton Test,0.0,0.0,1.0,Urban
UKPARL.2025.SPL,Spelthorne,0.0,0.0,1.0,Urban
UKPARL.2025.SPT,Stockport,0.0,0.0,1.0,Urban
UKPARL.2025.SPV,Spen Valley,0.0,0.0,1.0,Urban
UKPARL.2025.SRH,Surrey Heath,0.03039249199788682,0.13243626795943525,0.837171240042678,Urban with rural areas
UKPARL.2025.SRI,South Ribble,0.07674997990838223,0.08125050229044442,0.8419995178011733,Urban with rural areas
UKPARL.2025.SSE,Sheffield South East,0.0,0.0,1.0,Urban
UKPARL.2025.SSF,South Suffolk,0.36743230909644053,0.32740449389369375,0.3051631970098657,Sparse and rural
UKPARL.2025.SSH,South Shields,0.0,0.0,1.0,Urban
UKPARL.2025.SSO,South Shropshire,0.4685398433901428,0.23410614668099697,0.29735400992886024,Sparse and rural
UKPARL.2025.STA,St Albans,0.0,0.0,1.0,Urban
UKPARL.2025.STC,Stoke-on-Trent Central,0.0,0.0,1.0,Urban
UKPARL.2025.STF,Stafford,0.17843862254948434,0.10671133162679476,0.7148500458237209,Urban with rural areas
UKPARL.2025.STG,Stirling and Strathallan,0.35086128739800543,0.17456697046332967,0.4745717421386649,Rural
UKPARL.2025.STM,Staffordshire Moorlands,0.24013308332571115,0.03746684350132626,0.7224000731729626,Urban with rural areas
UKPARL.2025.STN,Stoke-on-Trent North,0.0,0.0,1.0,Urban
UKPARL.2025.STR,Stroud,0.15088656336366177,0.08073781945781448,0.7683756171785238,Urban with rural areas
UKPARL.2025.STS,Stoke-on-Trent South,0.08344526019207658,0.07111479151308282,0.8454399482948406,Urban with rural areas
UKPARL.2025.STV,St Ives,0.4400534596662031,0.21510996175243394,0.344836578581363,Sparse and rural
UKPARL.2025.SUN,Sunderland Central,0.0,0.0,1.0,Urban
UKPARL.2025.SUT,Sutton Coldfield,0.0,0.0,1.0,Urban
UKPARL.2025.SVG,Stevenage,0.02418034037618384,0.0547999552404301,0.9210197043833861,Urban
UKPARL.2025.SWD,South West Devon,0.1908951676789015,0.07691576445735411,0.7321890678637444,Urban with rural areas
UKPARL.2025.SWF,Sherwood Forest,0.08739429621435134,0.5016687604297527,0.410936943355896,Rural
UKPARL.2025.SWG,Southgate and Wood Green,0.0,0.0,1.0,Urban
UKPARL.2025.SWH,South West Hertfordshire,0.018628230616302185,0.028180914512922466,0.9531908548707754,Urban
UKPARL.2025.SWL,Southend West and Leigh,0.0,0.0,1.0,Urban
UKPARL.2025.SWN,South West Norfolk,0.400580360087054,0.212538039023563,0.386881600889383,Sparse and rural
UKPARL.2025.SWS,Solihull West and Shirley,0.0,0.06625709461521248,0.9337429053847875,Urban
UKPARL.2025.SWT,Swansea West,0.0,0.0,1.0,Urban
UKPARL.2025.SWW,South West Wiltshire,0.171179640254303,0.052149558071018766,0.7766708016746783,Urban with rural areas
UKPARL.2025.SXW,Sussex Weald,0.2964816836897388,0.20282740827350296,0.5006909080367582,Rural
UKPARL.2025.TAM,Thirsk and Malton,0.48116292919135806,0.37742480303814274,0.14141226777049917,Sparse and rural
UKPARL.2025.TAT,Tatton,0.1947282873145531,0.04556325123458707,0.7597084614508598,Urban with rural areas
UKPARL.2025.TAV,Torridge and Tavistock,0.46077667742294426,0.11284987406051165,0.4263734485165441,Sparse and rural
UKPARL.2025.TAW,Taunton and Wellington,0.15567188926355796,0.013245896752799151,0.8310822139836429,Urban with rural areas
UKPARL.2025.TAY,Thornbury and Yate,0.21695231141682358,0.1536813587979864,0.62936632978519,Urban with rural areas
UKPARL.2025.TEW,Tewkesbury,0.1423704088565605,0.055283561808081215,0.8023460293353583,Urban with rural areas
UKPARL.2025.TFD,Telford,0.0,0.0,1.0,Urban
UKPARL.2025.THK,Thurrock,0.0,0.0756169028923239,0.9243830971076761,Urban
UKPARL.2025.TIP,Tipton and Wednesbury,0.0,0.0,1.0,Urban
UKPARL.2025.TIV,Tiverton and Minehead,0.3399412148922273,0.28424776834313087,0.37581101676464185,Sparse and rural
UKPARL.2025.TMW,Tamworth,0.06117253199955897,0.07354135134864234,0.8652861166517987,Urban with rural areas
UKPARL.2025.TNW,Tunbridge Wells,0.14206235895546446,0.17909086722240133,0.6788467738221342,Urban with rural areas
UKPARL.2025.TON,Tonbridge,0.20354180676978256,0.25731083532025023,0.5391473579099672,Rural
UKPARL.2025.TOO,Tooting,0.0,0.0,1.0,Urban
UKPARL.2025.TOR,Torfaen,0.0,0.08369429869839615,0.9163057013016038,Urban
UKPARL.2025.TOT,Tottenham,0.0,0.0,1.0,Urban
UKPARL.2025.TRB,Torbay,0.0,0.0,1.0,Urban
UKPARL.2025.TRF,Truro and Falmouth,0.30606409764008025,0.0697733964921265,0.6241625058677933,Urban with rural areas
UKPARL.2025.TWI,Twickenham,0.0,0.0,1.0,Urban
UKPARL.2025.TYN,Tynemouth,0.0,0.0,1.0,Urban
UKPARL.2025.UBN,Upper Bann,0.2515059657174754,0.057881802042066256,0.6906122322404583,Urban with rural areas
UKPARL.2025.UXB,Uxbridge and South Ruislip,0.0,0.02421760296731319,0.9757823970326868,Urban
UKPARL.2025.VCG,Vauxhall and Camberwell Green,0.0,0.0,1.0,Urban
UKPARL.2025.VOG,Vale of Glamorgan,0.15996105405320518,0.10695478291822398,0.7330841630285708,Urban with rural areas
UKPARL.2025.WAB,Walsall and Bloxwich,0.0,0.0,1.0,Urban
UKPARL.2025.WAE,Wetherby and Easingwold,0.49576455361196164,0.31104693280273543,0.19318851358530295,Sparse and rural
UKPARL.2025.WAH,Widnes and Halewood,0.0,0.018477337969514413,0.9815226620304855,Urban
UKPARL.2025.WAK,West Aberdeenshire and Kincardine,0.4982946066936687,0.2762155772174958,0.22548981608883548,Sparse and rural
UKPARL.2025.WAL,Westmorland and Lonsdale,0.41954577483874467,0.25878909425985147,0.32166513090140386,Sparse and rural
UKPARL.2025.WAN,Warrington North,0.016042942924728573,0.18719799437941004,0.7967590626958614,Urban with rural areas
UKPARL.2025.WAS,Warrington South,0.015267835695411963,0.0,0.984732164304588,Urban
UKPARL.2025.WAT,Watford,0.0,0.0,1.0,Urban
UKPARL.2025.WAV,Waveney Valley,0.6293460859570625,0.23143549115389353,0.13921842288904396,Sparse and rural
UKPARL.2025.WAW,Whitehaven and Workington,0.12682678734534583,0.3120277339533339,0.5611454787013203,Rural
UKPARL.2025.WBR,Wellingborough and Rushden,0.0,0.17721573049063824,0.8227842695093618,Urban with rural areas
UKPARL.2025.WBW,West Bromwich,0.0,0.0,1.0,Urban
UKPARL.2025.WDB,West Dunbartonshire,0.006659819449699984,0.0,0.9933401805503,Urban
UKPARL.2025.WDS,West Dorset,0.43561488443697205,0.22469463406729193,0.339690481495736,Sparse and rural
UKPARL.2025.WEL,Wells and Mendip Hills,0.4912395153774464,0.11945738842290567,0.3893030961996479,Sparse and rural
UKPARL.2025.WGN,Wigan,0.013162045637772091,0.036611868624907985,0.9502260857373199,Urban
UKPARL.2025.WGS,Washington and Gateshead South,0.0,0.016898982299132777,0.9831010177008672,Urban
UKPARL.2025.WHB,West Ham and Beckton,0.0,0.0,1.0,Urban
UKPARL.2025.WHT,Welwyn Hatfield,0.03808900745976992,0.011410559227854339,0.9505004333123758,Urban
UKPARL.2025.WHW,Walthamstow,0.0,0.0,1.0,Urban
UKPARL.2025.WIM,Wimbledon,0.0,0.0,1.0,Urban
UKPARL.2025.WIN,Winchester,0.2733508492070939,0.26223139720371585,0.4644177535891902,Rural
UKPARL.2025.WIR,Wirral West,0.013995987095758911,0.0,0.9860040129042411,Urban
UKPARL.2025.WIT,Witney,0.29566761575015627,0.21039891268762587,0.4939334715622179,Rural
UKPARL.2025.WKF,Wakefield and Rothwell,0.01285392308775884,0.0,0.9871460769122412,Urban
UKPARL.2025.WKL,Warwick and Leamington,0.028618152085036794,0.017760368137823498,0.9536214797771397,Urban
UKPARL.2025.WKM,Wokingham,0.06170690023499252,0.16337321085238196,0.7749198889126255,Urban with rural areas
UKPARL.2025.WKT,Weald of Kent,0.462988094206874,0.37872356808053975,0.15828833771258627,Sparse and rural
UKPARL.2025.WLA,West Lancashire,0.1689122341781835,0.12232138303840073,0.7087663827834157,Urban with rural areas
UKPARL.2025.WLL,Wallasey,0.0,0.0,1.0,Urban
UKPARL.2025.WND,Windsor,0.014282397585442202,0.058138324700381876,0.9275792777141759,Urban
UKPARL.2025.WNE,Wolverhampton North East,0.0,0.0,1.0,Urban
UKPARL.2025.WOK,Woking,0.0,0.0,1.0,Urban
UKPARL.2025.WOR,Worcester,0.0,0.0,1.0,Urban
UKPARL.2025.WRE,Wrexham,0.11768788220148053,0.21186031541680078,0.6704518023817188,Urban with rural areas
UKPARL.2025.WRH,Worthing West,0.012504860727369477,0.013804465729313768,0.9736906735433167,Urban
UKPARL.2025.WRK,The Wrekin,0.19762960740372623,0.1346285478532382,0.6677418447430356,Urban with rural areas
UKPARL.2025.WSE,Wolverhampton South East,0.0,0.0,1.0,Urban
UKPARL.2025.WSF,West Suffolk,0.17585909405403558,0.26217423614729524,0.5619666697986692,Rural
UKPARL.2025.WSL,Worsley and Eccles,0.0,0.012895449962188051,0.987104550037812,Urban
UKPARL.2025.WSM,Weston-super-Mare,0.04741396989459005,0.013176243796398835,0.9394097863090111,Urban
UKPARL.2025.WTM,Witham,0.16748670740417426,0.3914371875247996,0.4410761050710261,Rural
UKPARL.2025.WTY,West Tyrone,0.6217258161535517,0.01902079801680611,0.35925338582964217,Sparse and rural
UKPARL.2025.WWE,Wolverhampton West,0.0,0.0,1.0,Urban
UKPARL.2025.WWR,West Worcestershire,0.41296506235184993,0.1966917448211893,0.3903431928269607,Sparse and rural
UKPARL.2025.WYC,Wycombe,0.05808182043792834,0.04321058358627799,0.8987075959757936,Urban
UKPARL.2025.WYF,Wyre Forest,0.0538843530027347,0.1526196799320769,0.7934959670651884,Urban with rural areas
UKPARL.2025.WYT,Wythenshawe and Sale East,0.0,0.0,1.0,Urban
UKPARL.2025.YEO,Yeovil,0.1981321454517646,0.19977631629258594,0.6020915382556494,Rural
UKPARL.2025.YNM,Ynys M√¥n,0.42312579415501905,0.40582213782961896,0.171052068015362,Sparse and rural
UKPARL.2025.YOC,York Central,0.0,0.0,1.0,Urban
UKPARL.2025.YOO,York Outer,0.05218482362670266,0.23791146640304933,0.709903709970248,Urban with rural areas
